{
  "val": {
    "accuracy": 0.5,
    "auc": 0.5,
    "loss": 0.6938327550888062
  },
  "test": {
    "accuracy": 0.5,
    "auc": 0.5,
    "loss": 0.6938937902450562
  }
}